NEF/r0355b2d5t.NEF,JPG/r0355b2d5t.JPG
NEF/r05d9d749t.NEF,JPG/r05d9d749t.JPG
NEF/r12daa983t.NEF,JPG/r12daa983t.JPG
NEF/r15d1c836t.NEF,JPG/r15d1c836t.JPG
NEF/r165355c0t.NEF,JPG/r165355c0t.JPG
NEF/r169a9b07t.NEF,JPG/r169a9b07t.JPG
NEF/r221dfc60t.NEF,JPG/r221dfc60t.JPG
NEF/r227e3ae5t.NEF,JPG/r227e3ae5t.JPG
NEF/r26d5bcc0t.NEF,JPG/r26d5bcc0t.JPG
NEF/r2ed19b5dt.NEF,JPG/r2ed19b5dt.JPG
NEF/r3135cb14t.NEF,JPG/r3135cb14t.JPG
NEF/r3c549892t.NEF,JPG/r3c549892t.JPG
NEF/r4abb52bbt.NEF,JPG/r4abb52bbt.JPG
NEF/r51d8ffb4t.NEF,JPG/r51d8ffb4t.JPG
NEF/r555d6be1t.NEF,JPG/r555d6be1t.JPG
NEF/r61184440t.NEF,JPG/r61184440t.JPG
NEF/r684e92a7t.NEF,JPG/r684e92a7t.JPG
NEF/r6d94facbt.NEF,JPG/r6d94facbt.JPG
NEF/r6e7bbb36t.NEF,JPG/r6e7bbb36t.JPG
NEF/r77d985c6t.NEF,JPG/r77d985c6t.JPG
NEF/r822a110ft.NEF,JPG/r822a110ft.JPG
NEF/r863a7421t.NEF,JPG/r863a7421t.JPG
NEF/r8d2deeddt.NEF,JPG/r8d2deeddt.JPG
NEF/r90058c49t.NEF,JPG/r90058c49t.JPG
NEF/r9099f063t.NEF,JPG/r9099f063t.JPG
NEF/r95259a49t.NEF,JPG/r95259a49t.JPG
NEF/r96d02ebet.NEF,JPG/r96d02ebet.JPG
NEF/r97f46a7bt.NEF,JPG/r97f46a7bt.JPG
NEF/r98e18efct.NEF,JPG/r98e18efct.JPG
NEF/r99b8ab8ft.NEF,JPG/r99b8ab8ft.JPG
NEF/r9dbea498t.NEF,JPG/r9dbea498t.JPG
NEF/r9fe78f63t.NEF,JPG/r9fe78f63t.JPG
NEF/ra29dd380t.NEF,JPG/ra29dd380t.JPG
NEF/ra6ee9f71t.NEF,JPG/ra6ee9f71t.JPG
NEF/ra9dd2f1ct.NEF,JPG/ra9dd2f1ct.JPG
NEF/raa8a16b4t.NEF,JPG/raa8a16b4t.JPG
NEF/rac5f452et.NEF,JPG/rac5f452et.JPG
NEF/radfe9c0et.NEF,JPG/radfe9c0et.JPG
NEF/rb0e2f5a0t.NEF,JPG/rb0e2f5a0t.JPG
NEF/rb6a80d03t.NEF,JPG/rb6a80d03t.JPG
NEF/rbc749f0ct.NEF,JPG/rbc749f0ct.JPG
NEF/rc2e00d30t.NEF,JPG/rc2e00d30t.JPG
NEF/rc4ddfdcft.NEF,JPG/rc4ddfdcft.JPG
NEF/rc8dcd726t.NEF,JPG/rc8dcd726t.JPG
NEF/rcdfaf56bt.NEF,JPG/rcdfaf56bt.JPG
NEF/rd3740777t.NEF,JPG/rd3740777t.JPG
NEF/rda76ee38t.NEF,JPG/rda76ee38t.JPG
NEF/rdc09404dt.NEF,JPG/rdc09404dt.JPG
NEF/rdc9fbcb4t.NEF,JPG/rdc9fbcb4t.JPG
NEF/rddc75ccat.NEF,JPG/rddc75ccat.JPG
NEF/rdf223677t.NEF,JPG/rdf223677t.JPG
NEF/rdff85af7t.NEF,JPG/rdff85af7t.JPG
NEF/re08ec168t.NEF,JPG/re08ec168t.JPG
NEF/re0b498c4t.NEF,JPG/re0b498c4t.JPG
NEF/re29d6d6ct.NEF,JPG/re29d6d6ct.JPG
NEF/reb2e541ct.NEF,JPG/reb2e541ct.JPG
NEF/rf2bee5fft.NEF,JPG/rf2bee5fft.JPG
NEF/rf4021da3t.NEF,JPG/rf4021da3t.JPG
NEF/rf422dc78t.NEF,JPG/rf422dc78t.JPG
NEF/rf5639464t.NEF,JPG/rf5639464t.JPG
NEF/rf6997399t.NEF,JPG/rf6997399t.JPG
